<?xml version="1.0" encoding="UTF-8"?>
<translations>
    <token id="button_repeat">Tomar de nuevo</token>
    <token id="button_finish">Aceptar</token>
    <token id="button_skip">Omitir</token>
    <token id="button_ready">Listo</token>
    <token id="CaptureTipFront">Coloca el frente&#10;de tu documento</token>
    <token id="CaptureInfoFront">Coloca el frente de tu documento</token>
    <token id="CaptureTipFrontIDCard">Coloca el frente&#10;de tu documento</token>
    <token id="CaptureInfoFrontIDCard">Coloca el frente de tu documento</token>
    <token id="CaptureTipFrontPassport">Coloca el frente&#10;de tu pasaporte</token>
    <token id="CaptureInfoFrontPassport">Coloca el frente de tu pasaporte</token>
    <token id="CaptureTipFrontDriversLicense">Coloca el frente&#10;de tu carnet de conducir</token>
    <token id="CaptureInfoFrontDriversLicense">Coloca el frente&#10;de tu carnet de conducir</token>
    <token id="CaptureTipBack">Coloca el dorso&#10;de tu documento</token>
    <token id="CaptureInfoBack">Coloca el dorso de tu documento</token>
    <token id="CaptureTipBackIDCard">Coloca el dorso&#10;de tu documento</token>
    <token id="CaptureInfoBackIDCard">Coloca el dorso de tu documento</token>
    <token id="CaptureTipBackPassport">Coloca el dorso&#10;de tu pasaporte</token>
    <token id="CaptureInfoBackPassport">Coloca el dorso de tu pasaporte</token>
    <token id="CaptureTipBackDriversLicense">Coloca el dorso&#10;de tu carnet de conducir</token>
    <token id="CaptureInfoBackDriversLicense">Coloca el dorso&#10;de tu carnet de conducir</token>
    <token id="CaptureSuccessFront">¡El escaneado&#10;ha sido exitoso!</token>
    <token id="CaptureSuccessBack">¡El escaneado&#10;ha sido exitoso!</token>
    <token id="CaptureError">Analizando documento...</token>
    <token id="CaptureErrorLight">No hay&#10;suficiente luz</token>
    <token id="Tutorial1">Busca un fondo con&#10;buen contraste para la&#10;captura del documento</token>
    <token id="Tutorial2">Controla que se vean bien&#10;las letras e imagen&#10;del documento</token>
    <token id="Tutorial3">Evita contraluces sobre el&#10;documento para poder captar&#10;mejor la información</token>
</translations>
